,key_skills,name,id,description,salary,creation_time,employer,schedule,accept_temporary
0,,Middle Blockchain / Back-end Developer,51796223,"Центр Реактивного Программирования занимается занимается разработкойсобственных и партнерских продуктов в наукоемких областях:  * технологий распределенных реестров и блокчейна;  * искусственного интеллекта и машинного обучения;  * логистики и моделирования испытаний транспортных средств;  * прикладной механики;  * кибербезопасности и др.Мы ищем разработчика blockchain / back-end в проект Blueshift. Этодецентрализованная финансовая (DeFi) платформа для управления цифровымиактивами на базе blockchain. Наш проект - это:  * передовая идея, подкрепленная математическим моделированием, мы двигаем технологию вперед, а не повторяем чужие решения,  * опытная и высоко мотивированная команда,  * сильные партнеры и инвесторы.**Технологический стек:**Blockchain:  * Solidity (Ethereum, Binance Smart Chain, Arbitrum, Milkomeda, ...)  * Cardano / PlutusBE:  * Java, Python, TypeScript  * Docker  * Gradle, GitHub, Jenkins  * AWSFE:  * Vue, React**Задачи:**  * разработка децентрализованного протокола (смарт-контрактов);  * разработка бэк-энд компонентов (обработка данных блокчейн, аналитика, оракулы).;  * грамотное структурирование кода, разработка unit-тестов, профилирование, документирование кода.;  * обеспечение безопасности протокола и устойчивости к атакам.;  * review кода других разработчиков.**Для нас важны:**  * опыт от 1,5 лет на позиции blockchain / back-end разработчика;  * высшее образование (техническое);  * разговорный английский;  * знание ООП, алгоритмов, шаблонов проектирования;  * уверенное знание Solidity и EVM;  * знание Java, Python, TypeScript;  * опыт разработки смарт-контрактов;  * опыт использования Maven / Gradle;  * опыт работы с Git/GitLab;  * опыт работы с Youtrack / Jira;  * понимание гибких методологий разработки (Scrum);  * опыт работы в командне;  * опыт функционального программирования, знание Haskell будут преимуществами.**Условия:**  * распределенная команда, нас 60 человек в разных городах;  * проектные команды, agile;  * гибкий график, возможна полностью удаленная занятость или работа в офисе в Санкт-Петербурге;  * неформальная атмосфера и слаженный коллектив;  * ТК РФ, стабильная белая заработная плата;  * профессиональное развитие, оплата конференций и обучения;  * ДМС, уроки английского и китайского.",,2022-01-26T15:43:19.349+03:00,Центр Реактивного Программирования,FLEXIBLE,False
1,"Английский — C1 — Продвинутый, JavaScript, Node.js, Блокчейн, Blockchain, Грамотная устная и письменная речь, Удаленная работа, Генерация идей, NFT, TypeScript, Коммуникабельность, JS, Разработка нового продукта, Ethereum, ERC-721, Middle","JS Разработчик / Middle JS Developer (Blockchain, Node.js)",51909998,"Мы находимся в поиске Middle JS Разработчика для запуска двух последовательныхNFT-коллекций на блокчейне Ethereum с минтингом на нашем сайте.**Обязанности:**  * Подготовка Mint & Reveal коллекций  * Создание смарт-контрактов на блокчейне Ethereum**Требования:**  * Уверенное знание JavaScript & Typescript, Node.js  * Понимание основ работы блокчейна / опыт работы с одной из библиотек Web3  * Внимательность к деталям, ответственность**Будем плюсом:**  * Знание Solidity и опыт в DeFi / NFT  * Опыт работы с ERC20, ERC721, ERC1155  * Экспертиза в защите смарт-контрактов  * Опыт разработки по Agile**Условия:**  * Рассматриваем как full-time в офисе, так и удаленную проектную работу  * Возможность стать частью команды проекта в быстрорастущем сегмента рынка на ранней стадии проекта  * Возможность влиять на развитие продукта  * Условия ЗП обсуждаются на собеседовании",,2022-01-28T17:48:42.333+03:00,TrafficShark,FULL_DAY,True
2,Blockchain,Senior Blockchain / Back-end Developer,51794702,"Центр Реактивного Программирования занимается занимается разработкойсобственных и партнерских продуктов в наукоемких областях:  * Технологий распределенных реестров и блокчейна;  * Искусственного интеллекта и машинного обучения;  * Логистики и моделирования испытаний транспортных средств;  * Прикладной механики;  * Кибербезопасности и др.Мы ищем старшего разработчика blockchain / back-end в проект *Blueshift:Децентрализованная финансовая (DeFi) платформа для управления цифровымиактивами на базе blockchain.Наш проект - это:  * Передовая идея, подкрепленная математическим моделированием. Мы двигаем технологию вперед, а не повторяем чужие решения.;  * Опытная и высоко мотивированная команда;  * Сильные партнеры и инвесторы.**Технологический стек:**Blockchain:  * Solidity (Ethereum, Binance Smart Chain, Arbitrum, Milkomeda, ...);  * Cardano / Plutus.BE:  * Java, Python, TypeScript;  * Docker;  * Gradle, GitHub, Jenkins;  * AWS.FE:  * Vue, React.**Задачи:**  * Разработка децентрализованного протокола (смарт-контрактов);  * Разработка бэк-энд компонентов (обработка данных блокчейн, аналитика, оракулы).;  * Участие в разработке архитектуры системы, обсуждение технических решений с командой и архитектором.;  * Техническое руководство группой middle / junior разработчиков;  * Грамотное структурирование кода, разработка unit-тестов, профилирование, документирование кода.;  * Обеспечение безопасности протокола и устойчивости к атакам.;  * Review кода других разработчиков.**Для нас важны:**  * Опыт от 3-х лет на позиции blockchain / back-end разработчика;  * Высшее образование (техническое);  * Разговорный английский;  * Знание ООП, алгоритмов, шаблонов проектирования;  * Уверенное знание Solidity и EVM;  * Знание Java, Python, TypeScript;  * Опыт разработки смарт-контрактов;  * Опыт использования Maven / Gradle;  * Опыт работы с Git/GitLab;  * Опыт работы с Youtrack / Jira;  * Понимание гибких методологий разработки (Scrum);  * Сильные навыки командного взаимодействия;  * Опыт функционального программирования, знание Haskell будут преимуществами.**Условия** :  * Распределенная команда, нас 60 человек в разных городах;  * Проектные команды, agile;  * Гибкий график, возможна полностью удаленная занятость или работа в офисе в Санкт-Петербурге;  * Неформальная атмосфера и слаженный коллектив;  * ТК РФ, стабильная белая заработная плата;  * Профессиональное развитие, оплата конференций и обучения;  * ДМС, уроки английского и китайского.",,2022-01-26T15:28:34.318+03:00,Центр Реактивного Программирования,FULL_DAY,False
3,"Английский — B1 — Средний, Blockchain, MS Access, Microsoft Access, Access, Quality Control",Middle / Senior Solidity Developer,51555883,"Solidity Developer  You will play a key role in making Blockchain and Crypto-Currency accessibleto non-technical users.**Responsibilities and Daily Duties:**● Architect, develop, and deploy decentralized applications providingpermissioned access to data at both the smart contract and protocol level  ● Build integration libraries to interface with our server and APIs  ● Build staking pools and bridge cryptocurrencies on different blockchains  ● Collaborate closely with the rest of the engineering team to reviewapplication requirements, help plan implementation details and estimatedelivery timelines  ● Provide mentorship to your peers in the engineering team through educationon best practices**Qualifications:**  You are obsessed with creating software for an excellent user experience, arefamiliar with the pace of a start-up going into a growth phase.   **You have:**  ● Expertise in public and permissioned blockchain technologies, theirarchitectures, and trade-offs  ● Advanced knowledge of smart contract development including production anddeployments  ● Worked on multiple high quality protocol smart contracts  ● Experience in interacting with the Ethereum blockchain and working knowledgeof various token standards such as ERC20, ERC721, ERC1155  ● Knowledge of cryptographic hash functions, cryptographic libraries &concepts, and consensus protocols  ● Prior experience in developing high-quality backend architecture**Payment Terms:**● Salary range: $3500-$6500  ● Equity paid in token: minimum requirement to to receive at least 20% of thesalary in tokens with ability up to 50% of salary amount paid in tokens with avesting period of minimum of three years. This will provide an APY of up to800% if vested on a 5 year period.  ● Bonuses in our token","{'from': 3500, 'to': 7000, 'gross': False, 'currency': 'USD'}",2022-01-23T01:34:24.400+03:00,Voronova I.N,REMOTE,False
4,"Golang, Средства криптографической защиты информации, Blockchain",Senior golang-developer / Middle GO разработчик (Remote),51414397,"**ООО «Системы распределенного реестра»** – первый блокчейн-оператор в России.Цель компании – создание российской инфраструктуры распределенных реестров дляфинансового сектора, внедрение инновационных сервисов и изучение потенциалаприменения блокчейна на российском рынке.В настоящее время ищем **Senior / Middle golang developer** на наши внутренниефинтех проекты**Хотим и ждём от кандидата:**  * опыт работы от года, наличие завершенного проекта в эксплуатации,  * навыки использования Go, cgo,  * опыт работы с блокчейн платформами (желательно Ethereum) или интерес к теме,  * опыт написания смартконтрактов (мы используем Solidity),  * желателен опыт работы с XML (XSD, libxml2),  * желателен опыт работы с криптографией (электронная подпись, шифрование)**Что нужно делать:**  * разработка приложений внутреннего пользования для финансового сектора,  * реализация сервисов корпоративной блокчейн-сети,  * поддержка и оптимизация существующего кода,  * написание систем для развёртывания и тестирования,  * участие в проектировании архитектуры приложений и сервисов сети,  * взаимодействие с командой разработчиков и product owner**Что готовы предложить:**  * полностью “белая” зарплата, оформление по ТК РФ с первого дня работы,  * опытная команда коллег, интересные проекты в сфере финтех,  * полная удалёнка,  * ДМС после прохождения испытательного срока,  * 31 день ежегодного оплачиваемого отпуска,  * премия за устроенных по вашей рекомендации сотрудников (до 50 000 рублей)**Ждём откликов!**","{'to': 400000, 'gross': True, 'currency': 'RUR'}",2022-01-20T13:13:29.701+03:00,Системы Распределенного Реестра,REMOTE,False
5,Blockchain,Middle Front-end Developer,51798366,"Центр Реактивного Программирования занимается занимается разработкойсобственных и партнерских продуктов в наукоемких областях:  * Технологий распределенных реестров и блокчейна;  * Искусственного интеллекта и машинного обучения;  * Логистики и моделирования испытаний транспортных средств;  * Прикладной механики;  * Кибербезопасности и др.Мы ищем разработчика middle front-end developer в проект Blueshift:Децентрализованная финансовая (DeFi) платформа для управления цифровымиактивами на базе blockchain. Наш проект - это:  * Передовая идея, подкрепленная математическим моделированием. Мы двигаем технологию вперед, а не повторяем чужие решения.;  * Опытная и высоко мотивированная команда;  * Сильные партнеры и инвесторы.**Технологический стек:**FE:  * Vue, React.Blockchain:  * Solidity (Ethereum, Binance Smart Chain, Arbitrum, Milkomeda, ...);  * Cardano / Plutus.BE:  * Java, Python, TypeScript;  * Docker;  * Gradle, GitHub, Jenkins;  * AWS.**Задачи:**  * Разработка web-фронтэнда для децентрализованных приложений (DApps);  * Построение взаимодействия со смарт-контрактами и бэк-энд компонентами с использованием Web3, REST.;  * Участие в разработке UX.;  * Грамотное структурирование кода, документирование кода.;  * Review кода других разработчиков.**Для нас важны:**  * Опыт от 1,5 лет на позиции front-end разработчика;  * Высшее образование (техническое);  * Разговорный английский;  * Знание ООП, алгоритмов, шаблонов проектирования;  * Уверенное знание JavaScript и TypeScript;  * Знание HTML5, CSS3, Sass, Less;  * Опыт разработки Vue / React / Angular;  * Опыт работы с Git/GitLab;  * Опыт работы с Youtrack / Jira;  * Понимание гибких методологий разработки (Scrum);  * Сильные навыки командного взаимодействия;  * Знание Solidity будет преимуществом;  * Опыт функционального программирования, знание Haskell будут преимуществами.**Условия:**  * Распределенная команда, нас 60 человек в разных городах;  * Проектные команды, agile;  * Гибкий график, возможна полностью удаленная занятость или работа в офисе в Санкт-Петербурге;  * Неформальная атмосфера и слаженный коллектив;  * ТК РФ, стабильная белая заработная плата;  * Профессиональное развитие, оплата конференций и обучения;  * ДМС, уроки английского и китайского.",,2022-01-26T16:11:38.104+03:00,Центр Реактивного Программирования,FULL_DAY,False
6,Blockchain,Senior Front-end Developer,51799097,"Центр Реактивного Программирования занимается занимается разработкойсобственных и партнерских продуктов в наукоемких областях:  * Технологий распределенных реестров и блокчейна;  * Искусственного интеллекта и машинного обучения;  * Логистики и моделирования испытаний транспортных средств;  * Прикладной механики;  * Кибербезопасности и др.Мы ищем старшего front-end разработчика в проект *Blueshift:Децентрализованная финансовая (DeFi) платформа для управления цифровымиактивами на базе blockchain.* Наш проект - это:  * Передовая идея, подкрепленная математическим моделированием. Мы двигаем технологию вперед, а не повторяем чужие решения.;  * Опытная и высоко мотивированная команда;  * Сильные партнеры и инвесторы.**Технологический стек:**FE:  * Vue, React.Blockchain:  * Solidity (Ethereum, Binance Smart Chain, Arbitrum, Milkomeda, ...);  * Cardano / Plutus.BE:  * Java, Python, TypeScript;  * Docker;  * Gradle, GitHub, Jenkins;  * AWS.**Задачи:**  * Разработка web-фронтэнда для децентрализованных приложений (DApps);  * Построение взаимодействия со смарт-контрактами и бэк-энд компонентами с использованием Web3, REST.;  * Участие в разработке архитектуры системы, обсуждение технических решений с командой и архитектором.;  * Участие в разработке UX.;  * Техническое руководство группой middle / junior разработчиков.;  * Грамотное структурирование кода, документирование кода.;  * Review кода других разработчиков.**Для нас важны:**  * Опыт от 3-х лет на позиции front-end разработчика;  * Высшее образование (техническое);  * Разговорный английский;  * Знание ООП, алгоритмов, шаблонов проектирования;  * Уверенное знание JavaScript и TypeScript;  * Знание HTML5, CSS3, Sass, Less;  * Опыт разработки Vue / React / Angular;  * Опыт работы с Git/GitLab;  * Опыт работы с Youtrack / Jira;  * Понимание гибких методологий разработки (Scrum);  * Сильные навыки командного взаимодействия;  * Знание Solidity будет преимуществом;  * Опыт функционального программирования, знание Haskell будут преимуществами.**Условия:**  * Распределенная команда, нас 60 человек в разных городах;  * Проектные команды, agile;  * Гибкий график, возможна полностью удаленная занятость или работа в офисе в Санкт-Петербурге;  * Неформальная атмосфера и слаженный коллектив;  * ТК РФ, стабильная белая заработная плата;  * Профессиональное развитие, оплата конференций и обучения;  * ДМС, уроки английского и китайского.",,2022-01-26T16:26:13.794+03:00,Центр Реактивного Программирования,FULL_DAY,False
7,"Java, RxJava, Git, REST, SQL, gRPC, Gradle, Dagger2, AWS, Docker",Middle Java Developer,50867733,"**Introduction**We are Smartym Pro – a custom software developing company. We are focused oncustom software development and IT services for clients in Europe, the USA, UKand Israel. Our primary focus is on the fintech, blockchain and edTech domain,but we have strong experience in other domains such as business processautomation and entertainment. We have more than 50 highly qualifiedspecialists and we are growing the development team in Warsaw.Now we are looking for a Middle Java Software Engineer to precipitate in thedeveloping cutting edge fintech (open banking) solution used by the leadingpayment providers. We are going to hire up to 4 engineers for middlepositions. If you are looking for something else except fintech, please, letus know.**About your future project**It is an open banking payments platform driving the shift from card to bankpayments, European bank connectivity (over 2,500 banks), data, and compliancecapabilities and is authorised as an AISP and as a PISP. Our platform is bothbank and developer-friendly.**What you should do:**  * working as part of the engineering team to deliver the software needed to achieve business goals;  * writing high quality code, including appropriate automated tests and acceptance conditions;  * actively looking for ways to improve our product and helping to shape the backlog;  * taking part in the activities of an agile team, such as planning meetings, backlog grooming, demos and retrospectives;  * experimenting, taking part in discussions around coding standards, design, architecture, processes & tools and promoting new ideas;  * supporting our live application, responding to production alerts and fixing bugs.**Must have:**  * Java 11+  * solid knowledge of OOP principles;  * understanding of REST and microservices architecture;  * knowledge of design patterns (GoF);  * good soft skills: ability to communicate with the technical team;  * English B1+**Nice to have:**  * DevOps and cloud platform (AWS) knowledge;  * Experience with protocols: gRPC/Protobuf, OAuth2;  * Financial-domain knowledge related to OpenBanking, PSD2.**Technologies used:** Java 11, gRPC, Protobuf, RxJava, JOOQ, Dagger2, Gradle,Kubernetes.**We provide:**  * сompetitive salary pegged to USD and performance-based bonuses;  * mentor from our team who will support you during onboarding;  * domain education;  * performance-based monthly bonuses;  * performance review and appraisal each 6 month **;**  * flexible working conditions: remote/office;  * relocation possibility;  * 5 paid sick days per year (except for the official sick leave);  * English classes.",,2022-01-10T13:25:45.665+03:00,Смартум Про,FULL_DAY,False
8,"Английский — B2 — Средне-продвинутый, JavaScript, Английский язык, Teambuilding, Regression testing, Analytical skills, QA, QA Engineer",QA Engineer,50973819,"Hi there!We’re Primex. Primex is the new prime brokerage liquidity protocol for DEX-agnostic cross-margin trading with trader scoring mechanisms.With Primex, lenders provide liquidity to pools where traders use it forleveraged trading, while lenders then have the opportunity to earn higheryields compared to lending protocols, as the interest is generated from marginfees and profits of successful trades.The project will be launched on one of the Eth L2s and Moonbeam (one of thePolkadot Parachains). Primex.finance is backed by some of the top VCs in thespace, incl. Stratos Technologies, Hypersphere and some others.Now we’re extending the team and looking for a talented and motivated QAengineer with experience building DeFi dApps and a deep understanding ofblockchain technologies. ​​In addition to the monthly salary, we also grantour team members with governance tokens of the protocol.If you are ready to make a huge leap in the decentralized finance worldtogether with our friendly team, check the details below and feel free toreach out.**Requirements:**  * Being available for full-time;  * Seniority — strong middle/senior;  * 2+ experience in writing documentation in English;  * 2+ experience in the design of test’s process and penetration testing;  * Excellent knowledge in Selenium, Swagger;  * Basic knowledge in web3.js;  * Confirmed experience in commercial blockchain solutions over 2 years;  * Fast learner with good problem solving and analytical skills;  * English: Upper — Intermediate (written and reading);  * Development experience with JavaScript & Typescript  * Experience in process design and implementation.**Would be nice:**  * Experience Rust, Solidity, JS;  * Auto testing in SelenIDE  * Understanding of DeFi mechanisms and related utilities, e.g. liquidity pools, AMMs and bonding curves, DAOs, Uniswap, SushiSwap, Aave;  * A background in economics, finance, banking, or a similar relevant field;  * A degree in computer science or relevant field or comparable experience;  * Cryptocurrency user;  * Experience with writing automation tests.**Benefits:**  * Remote and flexible work hours  * Paid vacation and sick days-off  * Medical insurance  * Long-term and stable collaboration  * Monthly income above the market average  * Personal and professional growth  * Professional IT events compensation  * Compensation for English classes and sport activities",,2022-01-12T10:42:18.404+03:00,Adoriasoft,REMOTE,False
9,"JavaScript, TypeScript, GraphQL, Git, Управление проектами, vuejs",Senior Frontend-разработчик,52028087,"**Привет!** Мы – томская IT-компания SMART WORLD.**SMART WORLD** \- компания с 10-летней историей, специализирующаяся напродуктовой разработке. Наш фокус в части разрабатываемых продуктов: цифровыеплатформы, автоматизация производства и VR GO.**Мы ищем** Senior frontend-разработчика, который сможет усилить нашупродуктовую команду, состоящую из 62 человек. Основной стэк технологий напроекте это PHP на бэкенде и Vue.js на фронте.**Проект:**  Популярная во всем мире (Топ-100) высоконагруженная цифровая платформа,затрагивающая отрасль финансовых активов. Вся разработка ведется сиспользованием современных фреймворков. Особое внимание уделяем безопасностивзаимодействия пользователей и оптимизации скорости работы площадки.Мы применяем самые современные архитектурные решения и технологии (в частностиBlockchain и Big Data Sources). В продакшене продукт более 7 лет, постоянноулучшается и обновляется.**Готовы тебе доверить:**  * Проектирование архитектуры высоконагруженного приложения;  * Внедрение новых инструментов и методологий в команду;  * Наставничество и помощь в росте middle/senior разработчикам;  * Оптимизацию клиентской части приложения;  * Внесение улучшений UX/UI качества приложения;  * Участие в улучшении продукта и построении процессов проекта;  * Непосредственное взаимодействие со всей командой разработки;**Что мы ждем от тебя:**  * Опыт от 4х лет в качестве frontend разработчика;  * Опыт работы с angular/react/vue от 1 года;  * Опыт написания e2e/unit тестов (TDD/BDD/etc);  * Уверенное знание JS, TS;  * Применение на практике ООП в связке с SOLID;  * Твердое представление о ""чистом"" коде;  * Готовность предлагать технические решения и аргументировать их необходимость;  * Опыт практики код-ревью и менторство над middle разработчиками;  * Понимание механизма работы фреймворка (angular/react/vue);  * Умение проводить качественное код-ревью;**Будет плюсом:**  * Опыт работы с graphql и интеграции технологии в проект;  * Опыт проектирования архитектуры с нуля;  * Опыт работы с SSR приложениями;**У нас:**   **— Официальное трудоустройство.** Да, мы выплачиваем белую зарплату набанковскую карту, а не в конверте, и делаем все налоговые отчисления. Да, этоне плюшка, это наша обязанность. Пишем, потому что это важно.   **— Поощряем.** Разработали собственную методологию выявления и решенияпроблем и по ней выплачиваем премии за решение стратегических задач компании.   **— Не жадничаем/не торгуемся.** Мы готовы идти навстречу кандидату в егопожеланиях по зарплате, если они коррелируют с опытом.   **— Бизнес без финансовых рисков.** Мы давно прибыльные и самоокупаемые, безинвесторов и рисков, связанных с ними.   **— Заботимся о людях.** Техника, ПО, книги, курсы, конференции, спорт,творчество и даже обеды за счет компании   **— Удобный офис.** Он расположен в центре города. Разделён на рабочую зону илаунж с переговорками, кухней, диванами. Есть где спокойно поработать, естьгде пошуметь.   **— Удобный график.** Гибкое начало рабочего дня с 8 до 10 утра. Мы стремимсяк гибридному формату работы, можно по желанию поработать день на удаленке.   **— Развитие.** Строим индивидуальные планы развития каждого сотрудника,чтобы было ясно куда и как расти.   **— Процессы компании.** Отсутствие бюрократии, микроменеджмента и дресс-кода.   **— Поможем с релокейтом** либо обеспечим комфортные условия на удаленке спериодическими командировками в головной офис.","{'from': 200000, 'gross': False, 'currency': 'RUR'}",2022-02-02T12:01:31.288+03:00,Умный Мир,FULL_DAY,False
10,"Git, ООП, React Native, Управление проектами, Rest API, Gitlab",Middle/Middle+ React Native разработчик,46437948," **Привет!** Мы – томская IT-компания SMART WORLD.**SMART WORLD** \- компания с 10-летней историей, специализирующаяся напродуктовой разработке. Наш фокус в части разрабатываемых продуктов: цифроваяплатформа, автоматизация производства и VR GO. Мы делаем все для того, чтобыорганизовать деятельность человека по уму.**Мы ищем** несколько опытных react native разработчиков, которые смогутусилить нашу продуктовую команду, состоящую из 62 человек**Проект:**  Популярная во всем мире (Топ-100) высоконагруженная цифровая платформа,затрагивающая отрасль финансовых активов. Вся разработка ведется сиспользованием современных фреймворков. Особое внимание уделяем безопасностивзаимодействия пользователей и оптимизации скорости работы площадки.Мы применяем самые современные архитектурные решения и технологии (в частностиBlockchain и Big Data Sources). В продакшене продукт более 7 лет, постоянноулучшается и обновляется.**Чем предстоит заниматься:**  * Разработкой мобильного приложения под IOS и Android  * Поддержкой проекта и внедрением новых фич  * Прокачкой своих профессиональных скилов  * Проведение оптимизации требующих этого разделов  * Участие в проектирование архитектуры**Что мы ждём:**  * Опыт работы с React Native не менее года;  * Опыт работы с Redux;  * Опыт работы с GitLab;  * Опыт работы с TypeScript;  * Понимание ООП/Solid;  * Понимание работы Rest API и HTTP;  * Понимание процесса разработки программных продуктов;**Будет плюсом:**  * Опыт работы с React  * Проектирование архитектуры модулей;  * Написание мостов Java/RN | Swift/RN;  * Написание компонентов высшего порядка;  * Знание Java/Kotlin, Swift;  * Опыт написания тестов (Jest, Mocha);  * Опыт работы с выпуском бета версий TestFlight/etc;**У нас:**— **Официальное трудоустройство**. Да, мы выплачиваем белую зарплату набанковскую карту, а не в конверте, и делаем все налоговые отчисления. Да, этоне плюшка, это наша обязанность. Пишем, потому что это важно.— **Не жадничаем/не торгуемся**. Мы готовы идти навстречу кандидату в егопожеланиях по зарплате, если они коррелируют с опытом.— **Бизнес без финансовых рисков**. Мы давно прибыльные и самоокупаемые, безинвесторов и рисков, связанных с ними.— **Заботимся**. Купим любую технику и ПО, оплатим книги и курсы. Отправим наконференцию. Накормим вкусными обедами и оплатим занятия спортом - тренажерныйзал и бассейн за счёт компании.— **Удобный офис**. Расположен в центре города. Разделён на рабочую зону илаунж с переговорками, кухней, диванами. Есть где спокойно поработать, естьгде пошуметь.— **Удобный график**. Приходим в офис в интервале с 8 до 10 утра. Мы стремимсяк гибридному формату работы, можно по желанию поработать день на удаленке.— **Развиваем**. Строим индивидуальные планы развития каждого сотрудника,чтобы было ясно куда и как расти.— **Поощряем.** Разработали собственную методологию выявления и решенияпроблем и по ней выплачиваем премии за решение стратегических задач компании.  * **Поможем с релокейтом** либо обеспечим комфортные условия на удаленке с периодическими командировками в головной офис.Мы ждем твое резюме, и уверены, что ты не пожалеешь, попав в нашу крутуюкоманду!","{'from': 150000, 'to': 165000, 'gross': False, 'currency': 'RUR'}",2021-07-22T10:13:26.347+03:00,Умный Мир,FULL_DAY,False
11,,Middle/Senior Java Software Engineer (NFT Marketplace),50876119,"Devexperts has been working for nearly two decades consulting and developingfor the financial industry. We solve complex technological challenges facingthe most well-respected financial institutions worldwide.By becoming a part of Devexperts, you’ll become a part of a company thatfosters self-improvement and actively seeks out-of-the-box ideas.Our teamswork together to create the next generation of financial software solutions.We welcome all candidates who believe, as we do, that innovation is groundedin education.We are looking for the Java backend developer to fill the open position in ourNFT Marketplace project: a platform that combines live-streaming, blockchaintechnology and trading concepts together to take interactions between creatorsand their patrons to the next level. Think Twitch + Patreon + Rarible kind ofthing.Your main responsibility will be to bring product ideas to life, primarily bydoing _software development_ :  1. find a problem to solve  2. come up with an impressive solution that can scale and evolve gracefully  3. develop features in one or several components: media server, user portal, blockchain & payments integration, etc  4. write fast and reliable unit tests  5. pass code review, merge and release it  6. collect feedback  7. repeatThe order may vary a bit if you prefer TDD, but you get the idea.**Required skills:**  * knowledge of algorithms and data structures  * solid knowledge of Core Java: Maps and Collections, Exceptions, Streams, lambda-functions, etc.  * spring Boot, Spring MVC, SQL / JDBC / Hibernate - in other words CRUD-essentials  * experience in concurrent programming and basic performance optimization strategies: Queues, Threads, Executors, etc.  * desire to write, optimize, document, maintain code and thoroughly cover it with tests  * willingness and energy to take your ideas all the way from proof of concept to production-proof code  * general responsibility and result-oriented mindset  * desire to achieve goals as a team, willingness to help colleagues and ability to give/take constructive feedback  * English language B2 and higher to be able to communicate with the team and client**Nice to haves:**  * experience with blockchain technology or media streaming  * fundamentals of Linux knowledge  * experience with cloud platforms (AWS / GCP / Azure)",,2022-01-10T15:01:35.924+03:00,Devexperts,REMOTE,False
12,,Middle/Senior Java Software Engineer (NFT Marketplace),50876121,"Devexperts has been working for nearly two decades consulting and developingfor the financial industry. We solve complex technological challenges facingthe most well-respected financial institutions worldwide.By becoming a part of Devexperts, you’ll become a part of a company thatfosters self-improvement and actively seeks out-of-the-box ideas.Our teamswork together to create the next generation of financial software solutions.We welcome all candidates who believe, as we do, that innovation is groundedin education.We are looking for the Java backend developer to fill the open position in ourNFT Marketplace project: a platform that combines live-streaming, blockchaintechnology and trading concepts together to take interactions between creatorsand their patrons to the next level. Think Twitch + Patreon + Rarible kind ofthing.Your main responsibility will be to bring product ideas to life, primarily bydoing _software development_ :  1. find a problem to solve  2. come up with an impressive solution that can scale and evolve gracefully  3. develop features in one or several components: media server, user portal, blockchain & payments integration, etc  4. write fast and reliable unit tests  5. pass code review, merge and release it  6. collect feedback  7. repeatThe order may vary a bit if you prefer TDD, but you get the idea.**Required skills:**  * knowledge of algorithms and data structures  * solid knowledge of Core Java: Maps and Collections, Exceptions, Streams, lambda-functions, etc.  * spring Boot, Spring MVC, SQL / JDBC / Hibernate - in other words CRUD-essentials  * experience in concurrent programming and basic performance optimization strategies: Queues, Threads, Executors, etc.  * desire to write, optimize, document, maintain code and thoroughly cover it with tests  * willingness and energy to take your ideas all the way from proof of concept to production-proof code  * general responsibility and result-oriented mindset  * desire to achieve goals as a team, willingness to help colleagues and ability to give/take constructive feedback  * English language B2 and higher to be able to communicate with the team and client**Nice to haves:**  * experience with blockchain technology or media streaming  * fundamentals of Linux knowledge  * experience with cloud platforms (AWS / GCP / Azure)",,2022-01-10T15:01:37.646+03:00,Devexperts,REMOTE,False
13,"Английский — B2 — Средне-продвинутый, Английский язык, Sales Skills, Business Development, IT Sales",IT Sales Representative (worldwide),51901313,"Hi, there!  We are Haiku Dev - young, but fast developing IT company that builds corporatestartups and provides such services as Product Development & Launch,Consulting & Education.  Our core expertise is a full cycle product development in FinTech, Blockchainand EdTech.  We are allready covering CIS region and recently we started to make steps intothe global market.That’s why we are looking for a **Sales Representative**that has experience working with any of the following regions: Americas,Europe, Asia-Pacific, Middle East & Africa.**Our perfect candidate:**  * **Has a strong understanding of IT product development;**  * Has 2+ years of experience in B2B sales in international companies;  * Works or used to work worldwide (any other countries except CIS);  * Has a great experience in business development on the assigned territory.  * Has upper intermediate English level (B2+), any other foreign languages will be a plus;  * Can create appealing and easy to understand presentations for clients;  **Your main tasks will be:**  * Generating sales within your region;  * Up/Cross selling;  * Providing forecasts and account opportunity as needed  * Creating a client base, maintaining of a CRM;  * Participating in the development of the sales department.**We are also value soft skills:**  * Growth-orientated and critical mindset. Self-management skills;  * Ability to find approach to different types of persons;  * Ability to work independently;  * Be a high-energy, motivated self-starter;  * Exceptional verbal communication skills and ability to relay information to potential customers.  **What do we offer:**  * Employment according to the Labor Code of the Russian Federation, “white” salary;  * Extensive opportunities for professional growth and career development;  * Solid team, lots of support and fun-filled corporate events;  * Completely remote job. We also have a cosy office in St. Petersburg you can work from. Fruits & snacks and a good company comes with it;  * Medical insurance policy/medical compensation;  * Reimbursement of costs on fitness/languages/hobbies;  * Compensation of educational courses;  * Anime & Yandex+ subscriptions;  * Corporate discounts for employees (we are using BestBenefits service which provides us with discounts for restaurants, sports, entertainments etc.);  * Referral program.",,2022-01-28T15:24:19.446+03:00,Haiku Dev,REMOTE,False
14,"Английский — C1 — Продвинутый, Рекрутмент, IT Recruitment, Оценка IT-компетенций, Оценка софт-скиллз",Самурай IT-Recruiter,51820048,"Привет!  * Ты опытный IT рекрутер, с 50+ закрытых позиций?  * Тебе важен результат, и ты умеешь его создавать?  * Погружаешься в специфику вакансий / технологий, вместо механической работы по бумажке?  * Знаешь как функционируют IT проекты, ходишь на технические интервью в компании или к заказчику, или хочешь это делать?  * Ты думаешь про результат и хочешь работать с клиентами, действительно заинтересованными в найме и поиске решений?Если ты кивнул(а) больше 3х раз, то**Для тебя:**— Большой пул разноплановых проектов для работы, все в IT: стартапы и 20 летна рынке; блокчейн, инвестиции, реклама, недвижимость; AI, заботливые B2Cпродукты, etc.  * Большое влияние на результат (предлагать решения и изменения профиля клиенту, определять как мы работаем с брендом клиента, ходить на интервью к заказчику, отказываться от клиента если не работают изменения.— Европейские, американские, российские mission-driven продуктовые компании истартапы.— 90% эксклюзивных проектов (ищем только мы) и 99% с контактом напрямую снанимающим менеджером (CTO или тимлидами).— Неограниченный доступ к нашему опытному коллективному мозгу, базе знаний,базе кандидатов и нетворку коллег.— _(Если английский позволяет:)_ Возможность работать с европейскимипроектами: поиск в Европе, англоязычные клиенты и кандидаты. Это не критично,клиенты и кандидаты в РФ у нас тоже есть.— Заинтересованные в найме клиенты с которыми мы строим близкие отношения дляобщего результата: ""максимум 3 дня на решение по кандидатам"" с клиентами идоступ к интервью на клиентские интервью.— 100% удаленка всегда и везде. Часы работы не важны, важно delivery.**Что важно в рекрутере и твоей работе с нами:**  * Результат. Видеть его, предлагать решения и оптимизацию поисков, условий или профилей для того чтобы сделать.  * Высокое качество работы на всех уровнях: с клиентом, с кандидатом, с командой, с вакансией. Глубокое вовлечение (CEO создает условия для этого, а том числе ограничивая уровень нагрузки).  * Теплые и близкие отношения с клиентом: выдерживать неформально деловой, открытый и экспертный уровень коммуникации, на равных с кандидатами и клиентами, создавая и укрепляя отношения.  * Выделять главное из большого пласта информации, анализировать. Задавать ""неудобные"" вопросы в первую очередь.  * Думать и инициировать оптимизацию.  * Брейштурмить: что важно кандидату? Чего не знает клиент? Как изменить какой-то процесс или условия в том числе на уровне компании-заказчика, чтобы решить задачу? Как передать адекватность команды клиента словами вакансии?  * Уметь зажигать себя и зажигать кандидатов: искать и находить ""точки продажи"" в вакансиях, матчить ценности кандидатов и компании.  * Высокий уровень эмоционального интеллекта / эмпатии. Чувствовать и соблюдать нюансы с нежными котиками.  * Желание погружаться и изучать. Если это про тебя, напиши слово ""Зебра"" в теме или тексте отклика, пожалуйста!  * Уверенность в себе, уважение к другим.  * Оптимизм и чувство юмора. Позитивный взгляд на вещи. Внимание, направленное на возможности, а не проблемы. (Ведь куда мы думаем, туда и попадаем, правда?)  * Слушать, слышать, анализировать, ретроспективить, оптимизировать. Постоянно улучшать качество кандидатов, получая обратную связь и выявляя скрытые потребности компании.     **Если у тебя есть опыт закрытия Blockchain, DeFi, Solidity, Трейдингвакансий – это наш первый приоритет и давай незамедлительно поговорим! Напишимне в ТГ @anchousdrive об этом, пожалуйста!****Что за Анчоусы?**Мы бутиковое агентство IT-рекрутинга с высокой планкой качества кандидатов икоммуникаций, закрывающее в основном IT вакансии или около (аналитиков,Product и Project менеджеров, например) для IT компаний.— Камерная атмосфера, коллективные брейнштурмы, работа месячными спринтами, иретроспективы.— Ограниченное количество вакансий для качественной работы и закрытия (5-10-15– ты выбираешь, сколько для тебя комфортно для глубоко погружения).— Фокус на твой результат и качество кандидатов / взаимопонимания с клиентом,а не приложенные время и усилия.— Работа с mission-driven продуктовыми компаниями в России, Европы, США и повсему миру.— Работа как будто «изнутри» компании, возможность присутствовать на беседахкандидата с заказчиком, прямой контакт с нанимающим менеджером. И при этомразнообразие проектов.— Оплаченный доступ ко всем нужным ресурсам и внутренняя база знаний икандидатов.— Честно и открыто анализируем свой опыт для поиска зон роста.Экспериментируем, ретроспективим, делимся опытом с командой, вместе решаемсложные кейсы.— Мы не работаем с банками, большими бюрократическими компаниями истандартными аутсорсерами, где нет идеи, нет продукта или решения принимаютдолго.— Возможность применить ваш рекрутерский (и человеческий) талант самым лучшимобразом и получить честное вознаграждение за него.**Наши клиенты:**Стартапы и успешные зарабатывающие проекты, разных размеров и сложности,которым мы гарантируем сбор команд и экспертную поддержку. Они доверяют,прислушиваются, и заинтересованы в найме. Мы, в свою очередь, собеседуем,оцениваем и выбираем клиентов тоже.Например, 2 года до этого момента мы работали только с компаниями, пришедшимик нам по рекомендации или предыдущему позитивному опыту работы и/или**собеседования(!)**.**Вознаграждение и условия:**— **Деньги:** прозрачный % от гонорара агентства с повышающим коэффициентом.— Мы готовы предлагать оклад при стабильном результате показанном наиспытательном сроке.— Постоянный контракт с американской компанией.— Портфель ограничен по количеству вакансий в соответствии с твоим комфортнымтемпом (5-10-15), а сложность варьируется от твоего уровня (Middle / Senior).— Позицию руководителя группы рекрутеров и менторство мы обсуждаем отдельно ипри желании.— Мы работаем только над вакансиями, которые нам нравятся, отвечают рынку иреалистичны.— Рекрутеры занимаются рекрутментом, задач продаж у рекрутеров нет.— Подключаем тебе ресечеров и аналитиков, если хочешь.— Все нужные тебе доступы, базы и ресурсы, разумеется, оплачиваются.— База кандидатов, база знаний + проф коучинг и система трекинга проектов.**Welcome!**  * Напиши мне!  * Договориться о времени для видео-звонка со мной или руководителем рекрутмента.  * Договориться о времени для второй встречи.  * Получить оффер.  * Работать вместе долго и счастливо, процветать :)**Напиши мне (Аня, CEO) в Телеграм** или указанную почту **, когда ты готов(а)на видео-встречу в ближайшую неделю?**","{'from': 2200, 'to': 5300, 'gross': False, 'currency': 'USD'}",2022-01-27T00:20:08.182+03:00,Anchous Drive Recruitment,REMOTE,True
15,"Английский — C1 — Продвинутый, Рекрутмент, IT Recruitment, Оценка IT-компетенций, Оценка софт-скиллз",Самурай IT-Recruiter,51820049,"Привет!  * Ты опытный IT рекрутер, с 50+ закрытых позиций?  * Тебе важен результат, и ты умеешь его создавать?  * Погружаешься в специфику вакансий / технологий, вместо механической работы по бумажке?  * Знаешь как функционируют IT проекты, ходишь на технические интервью в компании или к заказчику, или хочешь это делать?  * Ты думаешь про результат и хочешь работать с клиентами, действительно заинтересованными в найме и поиске решений?Если ты кивнул(а) больше 3х раз, то**Для тебя:**— Большой пул разноплановых проектов для работы, все в IT: стартапы и 20 летна рынке; блокчейн, инвестиции, реклама, недвижимость; AI, заботливые B2Cпродукты, etc.  * Большое влияние на результат (предлагать решения и изменения профиля клиенту, определять как мы работаем с брендом клиента, ходить на интервью к заказчику, отказываться от клиента если не работают изменения.— Европейские, американские, российские mission-driven продуктовые компании истартапы.— 90% эксклюзивных проектов (ищем только мы) и 99% с контактом напрямую снанимающим менеджером (CTO или тимлидами).— Неограниченный доступ к нашему опытному коллективному мозгу, базе знаний,базе кандидатов и нетворку коллег.— _(Если английский позволяет:)_ Возможность работать с европейскимипроектами: поиск в Европе, англоязычные клиенты и кандидаты. Это не критично,клиенты и кандидаты в РФ у нас тоже есть.— Заинтересованные в найме клиенты с которыми мы строим близкие отношения дляобщего результата: ""максимум 3 дня на решение по кандидатам"" с клиентами идоступ к интервью на клиентские интервью.— 100% удаленка всегда и везде. Часы работы не важны, важно delivery.     **Если у тебя есть опыт закрытия Blockchain, DeFi, Solidity, Трейдингвакансий – это наш первый приоритет и давай незамедлительно поговорим! Напишимне в ТГ @anchousdrive об этом, пожалуйста!****Что важно в рекрутере и твоей работе с нами:**  * Результат. Видеть его, предлагать решения и оптимизацию поисков, условий или профилей для того чтобы сделать.  * Высокое качество работы на всех уровнях: с клиентом, с кандидатом, с командой, с вакансией. Глубокое вовлечение (CEO создает условия для этого, а том числе ограничивая уровень нагрузки).  * Теплые и близкие отношения с клиентом: выдерживать неформально деловой, открытый и экспертный уровень коммуникации, на равных с кандидатами и клиентами, создавая и укрепляя отношения.  * Выделять главное из большого пласта информации, анализировать. Задавать ""неудобные"" вопросы в первую очередь.  * Думать и инициировать оптимизацию.  * Брейштурмить: что важно кандидату? Чего не знает клиент? Как изменить какой-то процесс или условия в том числе на уровне компании-заказчика, чтобы решить задачу? Как передать адекватность команды клиента словами вакансии?  * Уметь зажигать себя и зажигать кандидатов: искать и находить ""точки продажи"" в вакансиях, матчить ценности кандидатов и компании.  * Высокий уровень эмоционального интеллекта / эмпатии. Чувствовать и соблюдать нюансы с нежными котиками.  * Желание погружаться и изучать. Если это про тебя, напиши слово ""Зебра"" в теме или тексте отклика, пожалуйста!  * Уверенность в себе, уважение к другим.  * Оптимизм и чувство юмора. Позитивный взгляд на вещи. Внимание, направленное на возможности, а не проблемы. (Ведь куда мы думаем, туда и попадаем, правда?)  * Слушать, слышать, анализировать, ретроспективить, оптимизировать. Постоянно улучшать качество кандидатов, получая обратную связь и выявляя скрытые потребности компании.**Что за Анчоусы?**Мы бутиковое агентство IT-рекрутинга с высокой планкой качества кандидатов икоммуникаций, закрывающее в основном IT вакансии или около (аналитиков,Product и Project менеджеров, например) для IT компаний.— Камерная атмосфера, коллективные брейнштурмы, работа месячными спринтами, иретроспективы.— Ограниченное количество вакансий для качественной работы и закрытия (5-10-15– ты выбираешь, сколько для тебя комфортно для глубоко погружения).— Фокус на твой результат и качество кандидатов / взаимопонимания с клиентом,а не приложенные время и усилия.— Работа с mission-driven продуктовыми компаниями в России, Европы, США и повсему миру.— Работа как будто «изнутри» компании, возможность присутствовать на беседахкандидата с заказчиком, прямой контакт с нанимающим менеджером. И при этомразнообразие проектов.— Оплаченный доступ ко всем нужным ресурсам и внутренняя база знаний икандидатов.— Честно и открыто анализируем свой опыт для поиска зон роста.Экспериментируем, ретроспективим, делимся опытом с командой, вместе решаемсложные кейсы.— Мы не работаем с банками, большими бюрократическими компаниями истандартными аутсорсерами, где нет идеи, нет продукта или решения принимаютдолго.— Возможность применить ваш рекрутерский (и человеческий) талант самым лучшимобразом и получить честное вознаграждение за него.**Наши клиенты:**Стартапы и успешные зарабатывающие проекты, разных размеров и сложности,которым мы гарантируем сбор команд и экспертную поддержку. Они доверяют,прислушиваются, и заинтересованы в найме. Мы, в свою очередь, собеседуем,оцениваем и выбираем клиентов тоже.Например, 2 года до этого момента мы работали только с компаниями, пришедшимик нам по рекомендации или предыдущему позитивному опыту работы и/или**собеседования(!)**.**Вознаграждение и условия:**— **Деньги:** прозрачный % от гонорара агентства с повышающим коэффициентом.— Мы готовы предлагать оклад при стабильном результате показанном наиспытательном сроке.— Постоянный контракт с американской компанией.— Портфель ограничен по количеству вакансий в соответствии с твоим комфортнымтемпом (5-10-15), а сложность варьируется от твоего уровня (Middle / Senior).— Позицию руководителя группы рекрутеров и менторство мы обсуждаем отдельно ипри желании.— Мы работаем только над вакансиями, которые нам нравятся, отвечают рынку иреалистичны.— Рекрутеры занимаются рекрутментом, задач продаж у рекрутеров нет.— Подключаем тебе ресечеров и аналитиков, если хочешь.— Все нужные тебе доступы, базы и ресурсы, разумеется, оплачиваются.— База кандидатов, база знаний + проф коучинг и система трекинга проектов.**Welcome!**  * Напиши мне!  * Договориться о времени для видео-звонка со мной или руководителем рекрутмента.  * Договориться о времени для второй встречи.  * Получить оффер.  * Работать вместе долго и счастливо, процветать :)**Напиши мне (Аня, CEO) в Телеграм** или указанную почту **, когда ты готов(а)на видео-встречу в ближайшую неделю?**","{'from': 2200, 'to': 5300, 'gross': False, 'currency': 'USD'}",2022-01-27T00:20:08.182+03:00,Anchous Drive Recruitment,REMOTE,True
16,"Английский — C1 — Продвинутый, Рекрутмент, IT Recruitment, Оценка IT-компетенций, Оценка софт-скиллз",Самурай IT-Recruiter,51229899,"Привет!  * Ты опытный IT рекрутер, с 50+ закрытых позиций?  * Тебе важен результат, и ты умеешь его создавать?  * Погружаешься в специфику вакансий / технологий, вместо механической работы по бумажке?  * Знаешь как функционируют IT проекты, ходишь на технические интервью в компании или к заказчику, или хочешь это делать?  * Ты думаешь про результат и хочешь работать с клиентами, действительно заинтересованными в найме и поиске решений?Если ты кивнул(а) больше 3х раз, то**Для тебя:**— Большой пул разноплановых проектов для работы, все в IT: стартапы и 20 летна рынке; блокчейн, инвестиции, реклама, недвижимость; AI, заботливые B2Cпродукты, etc.  * Большое влияние на результат (предлагать решения и изменения профиля клиенту, определять как мы работаем с брендом клиента, ходить на интервью к заказчику, отказываться от клиента если не работают изменения.— Европейские, американские, российские mission-driven продуктовые компании истартапы.— 90% эксклюзивных проектов (ищем только мы) и 99% с контактом напрямую снанимающим менеджером (CTO или тимлидами).— Неограниченный доступ к нашему опытному коллективному мозгу, базе знаний,базе кандидатов и нетворку коллег.— _(Если английский позволяет:)_ Возможность работать с европейскимипроектами: поиск в Европе, англоязычные клиенты и кандидаты. Это не критично,клиенты и кандидаты в РФ у нас тоже есть.— Заинтересованные в найме клиенты с которыми мы строим близкие отношения дляобщего результата: ""максимум 3 дня на решение по кандидатам"" с клиентами идоступ к интервью на клиентские интервью.— 100% удаленка всегда и везде. Часы работы не важны, важно delivery.  **Если у тебя есть опыт закрытия Blockchain, DeFi, Solidity, Трейдинг вакансий– это наш первый приоритет и давай незамедлительно поговорим! Напиши мне в ТГ@anchousdrive об этом, пожалуйста!****Что важно в рекрутере и твоей работе с нами:**  * Результат. Видеть его, предлагать решения и оптимизацию поисков, условий или профилей для того чтобы сделать.  * Высокое качество работы на всех уровнях: с клиентом, с кандидатом, с командой, с вакансией. Глубокое вовлечение (CEO создает условия для этого, а том числе ограничивая уровень нагрузки).  * Теплые и близкие отношения с клиентом: выдерживать неформально деловой, открытый и экспертный уровень коммуникации, на равных с кандидатами и клиентами, создавая и укрепляя отношения.  * Выделять главное из большого пласта информации, анализировать. Задавать ""неудобные"" вопросы в первую очередь.  * Думать и инициировать оптимизацию.  * Брейштурмить: что важно кандидату? Чего не знает клиент? Как изменить какой-то процесс или условия в том числе на уровне компании-заказчика, чтобы решить задачу? Как передать адекватность команды клиента словами вакансии?  * Уметь зажигать себя и зажигать кандидатов: искать и находить ""точки продажи"" в вакансиях, матчить ценности кандидатов и компании.  * Высокий уровень эмоционального интеллекта / эмпатии. Чувствовать и соблюдать нюансы с нежными котиками.  * Желание погружаться и изучать. Если это про тебя, напиши слово ""Зебра"" в теме или тексте отклика, пожалуйста!  * Уверенность в себе, уважение к другим.  * Оптимизм и чувство юмора. Позитивный взгляд на вещи. Внимание, направленное на возможности, а не проблемы. (Ведь куда мы думаем, туда и попадаем, правда?)  * Слушать, слышать, анализировать, ретроспективить, оптимизировать. Постоянно улучшать качество кандидатов, получая обратную связь и выявляя скрытые потребности компании.**Что за Анчоусы?**Мы бутиковое агентство IT-рекрутинга с высокой планкой качества кандидатов икоммуникаций, закрывающее в основном IT вакансии или около (аналитиков,Product и Project менеджеров, например) для IT компаний.— Камерная атмосфера, коллективные брейнштурмы, работа месячными спринтами, иретроспективы.— Ограниченное количество вакансий для качественной работы и закрытия (5-10-15– ты выбираешь, сколько для тебя комфортно для глубоко погружения).— Фокус на твой результат и качество кандидатов / взаимопонимания с клиентом,а не приложенные время и усилия.— Работа с mission-driven продуктовыми компаниями в России, Европы, США и повсему миру.— Работа как будто «изнутри» компании, возможность присутствовать на беседахкандидата с заказчиком, прямой контакт с нанимающим менеджером. И при этомразнообразие проектов.— Оплаченный доступ ко всем нужным ресурсам и внутренняя база знаний икандидатов.— Честно и открыто анализируем свой опыт для поиска зон роста.Экспериментируем, рестроспективим, делимся опытом с командой, вместе решаемсложные кейсы.— Мы не работаем с банками, большими бюрократическими компаниями истандартными аутсорсерами, где нет идеи, нет продукта или решения принимаютдолго.— Возможность применить ваш рекрутерский (и человеческий) талант самым лучшимобразом и получить честное вознаграждение за него.**Наши клиенты:**Стартапы и успешные зарабатывающие проекты, разных размеров и сложности,которым мы гарантируем сбор команд и экспертную поддержку. Они доверяют,прислушиваются, и заинтересованы в найме. Мы, в свою очередь, собеседуем,оцениваем и выбираем клиентов тоже.Например, 2 года до этого момента мы работали только с компаниями, пришедшимик нам по рекомендации или предыдущему позитивному опыту работы и/или**собеседования(!)**.**Вознаграждение и условия:**— **Деньги:** прозрачный % от гонорара агентства с повышающим коэффициентом.— Мы готовы предлагать оклад при стабильном результате показанном наиспытательном сроке.— Постоянный контракт с американской компанией.— Портфель ограничен по количеству вакансий в соответствии с твоим комфортнымтемпом (5-10-15), а сложность варьируется от твоего уровня (Middle / Senior).— Позицию руководителя группы рекрутеров и менторство мы обсуждаем отдельно ипри желании.— Мы работаем только над вакансиями, которые нам нравятся, отвечают рынку иреалистичны.— Рекрутеры занимаются рекрутментом, задач продаж у рекрутеров нет.— Подключаем тебе ресечеров и аналитиков, если хочешь.— Все нужные тебе доступы, базы и ресурсы, разумеется, оплачиваются.— База кандидатов, база знаний + проф коучинг и система трекинга проектов.**Welcome!**  * Напиши мне!  * Договориться о времени для видео-звонка со мной или руководителем рекрутмента.  * Договориться о времени для второй встречи.  * Получить оффер.  * Работать вместе долго и счастливо, процветать :)**Напиши мне (Аня, CEO) в Телеграм** или указанную почту **, когда ты готов(а)на видео-встречу в ближайшую неделю?**","{'from': 2200, 'to': 5300, 'gross': False, 'currency': 'USD'}",2022-01-18T01:54:07.856+03:00,Anchous Drive Recruitment,REMOTE,True
17,"SQL, JavaScript, Git, Node.js, C#, Blockchain, TypeScript, Nest.js, PostgreSQL",Junior Backend developer (Node.js/Nest.js),50871918,"Наша команда находится в поисках амбициозного junior Backend developer,который горит всей душой за свое дело и готов быстро изучить большой объеминформации.Мы разрабатываем blockchain проекты, web/desktop приложения, сайты & CRMсистемы для клиентов со всего мира. Базируемся в СПб.**Наш идеальный кандидат:**  * Понимает архитектуру web-приложений;  * Имеет SOLID знания основных алгоритмов и структур данных, реляционных БД, может реализовать эти знания на практике;  * Имеет математическую и алгоритмическую подготовку: теория графов, методы оптимизации, статистика и теория вероятностей, оценка сложности алгоритмов;  * Может уверенно писать код на Node.js;  * Gонимает что такое ООП, как его использовать и может создавать диаграммы классов;  * Умеет писать запросы SQL;  * Умеет читать техническую документацию на англ**Будет плюсом при рассмотрении:**  * Наличие активного GitHub аккаунта;  * Наличие проектов на Typescript, nest.js или C#;  * Понимание устройства блокчейна и криптовалют;  * Участие в олимпиадах или хакатонах - большой плюс;  * Желание развиваться в Full-stack разработчика.**Что тебя ждет на работе:**  * Тимлид-наставник, который поможет разобраться в архитектуре приложений, разложит сложную задачу на простые составляющие;  * Design & code review, работа по ТЗ;  * Вовлеченность во все циклы проекта, в т.ч. при разработке ТЗ и дизайна;  * Прогрессирующий уровень задач.**Плюсы работы в компании:**  * Через год-полтора ты вырастешь до middle разработчика;  * Уровень бюрократии сведен к 0, только Redmine и четкие технические задачи;  * Возможность влиять на процессы в компании.**Условия работы:**  * ЗП 35-90к руб. на руки. 2 раза в месяц;  * Плавающий график 40ч в неделю: главное - результат;  * Минимум бюрократии;  * Офис в 10 мин. ходьбы от ст. м. Технологический институт;  * Возможность работать удаленно;  * Кофе, чай, фрукты и закуски в офисе;  * Оплачиваемый отпуск 28 дней в году;  * Оплачиваемые больничные;  * Молодой дружный коллектив.    Если вы полностью прочитали текст вакансии и соответствуете требованиям, тонапишите об этом в сопроводительном письме","{'from': 35000, 'to': 90000, 'gross': False, 'currency': 'RUR'}",2022-01-10T14:11:46.113+03:00,UNISTORY LLC,FULL_DAY,False
